{
  "name": "xmdjy",
  "health": 5,
  "gold": 439,
  "inventory": [
    "🗡️ 木剑",
    "🗡️ 木剑",
    "💎 宝石",
    "💎 宝石",
    "⚔️ 双手剑",
    "🍞 面包"
  ],
  "level": 8,
  "exp": 34,
  "skills": {
    "🔥 火球术": {
      "level": 1,
      "cost": 10,
      "damage": 30,
      "effect": "burn"
    },
    "❄️ 冰冻术": {
      "level": 1,
      "cost": 15,
      "damage": 25,
      "effect": "freeze"
    },
    "⚡ 闪电术": {
      "level": 1,
      "cost": 20,
      "damage": 40,
      "effect": "stun"
    },
    "💚 治疗术": {
      "level": 1,
      "cost": 8,
      "heal": 25,
      "effect": "heal"
    },
    "🛡️ 护盾术": {
      "level": 1,
      "cost": 12,
      "effect": "shield"
    }
  },
  "mana": 50,
  "equipment": {
    "weapon": "🗡️ 精钢剑",
    "armor": "🛡️ 铁甲",
    "accessory": null
  },
  "quests": {
    "🐺 森林清理": {
      "completed": true,
      "progress": 3,
      "target": 3,
      "reward": 100
    },
    "🏰 古堡探索": {
      "completed": true,
      "progress": 1,
      "target": 1,
      "reward": 200
    },
    "💎 宝石收集": {
      "completed": true,
      "progress": 2,
      "target": 2,
      "reward": 150
    },
    "🌋 火山征服": {
      "completed": true,
      "progress": 2,
      "target": 2,
      "reward": 300
    },
    "❄️ 冰窟探险": {
      "completed": true,
      "progress": 1,
      "target": 1,
      "reward": 250
    }
  },
  "achievements": {
    "🏆 初出茅庐": {
      "description": "击败第一个敌人",
      "completed": true
    },
    "💰 小富翁": {
      "description": "拥有超过500金币",
      "completed": true
    },
    "⚔️ 战士": {
      "description": "击败50个敌人",
      "completed": false
    },
    "🌟 传奇": {
      "description": "达到10级",
      "completed": false
    },
    "🛡️ 坚韧": {
      "description": "生命值降到10以下并存活",
      "completed": true
    },
    "🔮 法师": {
      "description": "使用技能50次",
      "completed": false
    },
    "🏪 购物狂": {
      "description": "购买20件物品",
      "completed": false
    },
    "💎 收藏家": {
      "description": "拥有5个宝石",
      "completed": false
    },
    "🎯 完美主义": {
      "description": "完成所有任务",
      "completed": true
    },
    "🌈 幸运儿": {
      "description": "触发10次随机事件",
      "completed": false
    }
  },
  "stats": {
    "enemies_defeated": 23,
    "skills_used": 11,
    "items_bought": 13,
    "random_events": 9,
    "near_death_survived": 1
  },
  "status_effects": {
    "burn": {
      "duration": 0,
      "damage": 5
    },
    "freeze": {
      "duration": 0,
      "slow": true
    },
    "stun": {
      "duration": 0,
      "skip_turn": true
    },
    "poison": {
      "duration": 0,
      "damage": 3
    },
    "shield": {
      "duration": 0,
      "defense": 10
    },
    "regenerate": {
      "duration": 0,
      "heal": 5
    }
  },
  "pets": [],
  "active_pet_index": -1,
  "house": {
    "house_type": null,
    "name": null,
    "price": null,
    "rooms": null,
    "owned": false,
    "furnishings": {},
    "upgrades": [],
    "comfort_level": 1
  }
}